topic_id,keywords
1,"profit, quarter, percent, sales, company, year, said, corp, million, earnings, billion, oracle, shares, peoplesoft, research"
2,"ap, ap ap, 151, 36, state, friday, said, wednesday, sunday, tuesday, saturday, night, monday, thursday, space"
3,"oil, prices, oil prices, stocks, crude, barrel, crude oil, record, higher, high, supply, winter, 50, opec, price"
4,"iraq, killed, baghdad, iraqi, gaza, minister, israeli, said, prime, prime minister, palestinian, people, troops, police, bomb"
5,"39, world, world 39, 39 39, china, yesterday, gold, australia, team, won, today, says, cup, olympic, space"
6,"new, york, new york, york reuters, stocks, yankees, york yankees, reuters, reuters stocks, insurance, dollar, mets, investors, spitzer, report"
7,"microsoft, software, search, google, windows, internet, security, service, web, microsoft corp, music, users, linux, online, corp"
8,"bush, president, kerry, president bush, afp, john, john kerry, election, presidential, george bush, george, afp afp, campaign, democratic, war"
9,"reuters, reuters reuters, said, nuclear, united, iran, dollar, states, united states, wednesday, korea, talks, friday, china, thursday"
10,"sox, red, red sox, game, boston, series, win, league, season, night, team, world, yankees, victory, boston red"
